UsageClass,CheckoutType,MaterialType,CheckoutYear,CheckoutMonth,Checkouts,Title,ISBN,Creator,Subjects,Publisher,PublicationYear
Digital,OverDrive,AUDIOBOOK,2012,1,4,"The Throne of Fire: The Kane Chronicles, Book 2 (unabridged) (Unabridged)",,Rick Riordan,"Fantasy, Juvenile Fiction, Mythology","Brilliance Audio, Inc.",2011
Digital,OverDrive,AUDIOBOOK,2012,1,6,"The Red Pyramid: The Kane Chronicles, Book 1 (unabridged) (Unabridged)",,Rick Riordan,"Fantasy, Juvenile Fiction, Mythology","Brilliance Audio, Inc.",2010
Digital,OverDrive,EBOOK,2012,1,8,"The Red Pyramid: The Kane Chronicles, Book 1",,Rick Riordan,"Fantasy, Juvenile Fiction, Mythology",Disney Digital Books,2011
Digital,OverDrive,EBOOK,2012,2,5,"The Red Pyramid: The Kane Chronicles, Book 1",,Rick Riordan,"Fantasy, Juvenile Fiction, Mythology",Disney Digital Books,2011
Digital,OverDrive,AUDIOBOOK,2012,2,6,"The Throne of Fire: The Kane Chronicles, Book 2 (unabridged) (Unabridged)",,Rick Riordan,"Fantasy, Juvenile Fiction, Mythology","Brilliance Audio, Inc.",2011
Digital,OverDrive,AUDIOBOOK,2012,2,5,"The Red Pyramid: The Kane Chronicles, Book 1 (unabridged) (Unabridged)",,Rick Riordan,"Fantasy, Juvenile Fiction, Mythology","Brilliance Audio, Inc.",2010
Digital,OverDrive,EBOOK,2012,3,12,"The Red Pyramid: The Kane Chronicles, Book 1",,Rick Riordan,"Fantasy, Juvenile Fiction, Mythology",Disney Digital Books,2011
Digital,OverDrive,AUDIOBOOK,2012,3,4,"The Red Pyramid: The Kane Chronicles, Book 1 (unabridged) (Unabridged)",,Rick Riordan,"Fantasy, Juvenile Fiction, Mythology","Brilliance Audio, Inc.",2010
Digital,OverDrive,AUDIOBOOK,2012,3,4,"The Throne of Fire: The Kane Chronicles, Book 2 (unabridged) (Unabridged)",,Rick Riordan,"Fantasy, Juvenile Fiction, Mythology","Brilliance Audio, Inc.",2011
Digital,OverDrive,AUDIOBOOK,2012,4,2,"The Throne of Fire: The Kane Chronicles, Book 2 (unabridged) (Unabridged)",,Rick Riordan,"Fantasy, Juvenile Fiction, Mythology","Brilliance Audio, Inc.",2011
Digital,OverDrive,AUDIOBOOK,2012,4,4,"The Red Pyramid: The Kane Chronicles, Book 1 (unabridged) (Unabridged)",,Rick Riordan,"Fantasy, Juvenile Fiction, Mythology","Brilliance Audio, Inc.",2010
Digital,OverDrive,EBOOK,2012,4,7,"The Red Pyramid: The Kane Chronicles, Book 1",,Rick Riordan,"Fantasy, Juvenile Fiction, Mythology",Disney Digital Books,2011
Digital,OverDrive,AUDIOBOOK,2012,5,6,"The Red Pyramid: The Kane Chronicles, Book 1 (unabridged) (Unabridged)",,Rick Riordan,"Fantasy, Juvenile Fiction, Mythology","Brilliance Audio, Inc.",2010
Digital,OverDrive,EBOOK,2012,5,10,"The Red Pyramid: The Kane Chronicles, Book 1",,Rick Riordan,"Fantasy, Juvenile Fiction, Mythology",Disney Digital Books,2011
Digital,OverDrive,AUDIOBOOK,2012,5,5,"The Throne of Fire: The Kane Chronicles, Book 2 (unabridged) (Unabridged)",,Rick Riordan,"Fantasy, Juvenile Fiction, Mythology","Brilliance Audio, Inc.",2011
Digital,OverDrive,AUDIOBOOK,2012,6,5,"The Throne of Fire: The Kane Chronicles, Book 2 (unabridged) (Unabridged)",,Rick Riordan,"Fantasy, Juvenile Fiction, Mythology","Brilliance Audio, Inc.",2011
Digital,OverDrive,EBOOK,2012,6,9,"The Red Pyramid: The Kane Chronicles, Book 1",,Rick Riordan,"Fantasy, Juvenile Fiction, Mythology",Disney Digital Books,2011
Digital,OverDrive,AUDIOBOOK,2012,6,5,"The Red Pyramid: The Kane Chronicles, Book 1 (unabridged) (Unabridged)",,Rick Riordan,"Fantasy, Juvenile Fiction, Mythology","Brilliance Audio, Inc.",2010
Digital,OverDrive,EBOOK,2012,7,5,"The Red Pyramid: The Kane Chronicles, Book 1",,Rick Riordan,"Fantasy, Juvenile Fiction, Mythology",Disney Digital Books,2011
Digital,OverDrive,AUDIOBOOK,2012,7,4,"The Throne of Fire: The Kane Chronicles, Book 2 (unabridged) (Unabridged)",,Rick Riordan,"Fantasy, Juvenile Fiction, Mythology","Brilliance Audio, Inc.",2011
Digital,OverDrive,AUDIOBOOK,2012,7,2,"The Red Pyramid: The Kane Chronicles, Book 1 (unabridged) (Unabridged)",,Rick Riordan,"Fantasy, Juvenile Fiction, Mythology","Brilliance Audio, Inc.",2010
Digital,OverDrive,EBOOK,2012,8,8,"The Red Pyramid: The Kane Chronicles, Book 1",,Rick Riordan,"Fantasy, Juvenile Fiction, Mythology",Disney Digital Books,2011
Digital,OverDrive,AUDIOBOOK,2012,8,4,"The Red Pyramid: The Kane Chronicles, Book 1 (unabridged) (Unabridged)",,Rick Riordan,"Fantasy, Juvenile Fiction, Mythology","Brilliance Audio, Inc.",2010
Digital,OverDrive,AUDIOBOOK,2012,8,3,"The Throne of Fire: The Kane Chronicles, Book 2 (unabridged) (Unabridged)",,Rick Riordan,"Fantasy, Juvenile Fiction, Mythology","Brilliance Audio, Inc.",2011
Digital,OverDrive,AUDIOBOOK,2012,9,5,"The Red Pyramid: The Kane Chronicles, Book 1 (unabridged) (Unabridged)",,Rick Riordan,"Fantasy, Juvenile Fiction, Mythology","Brilliance Audio, Inc.",2010
Digital,OverDrive,EBOOK,2012,9,7,"The Red Pyramid: The Kane Chronicles, Book 1",,Rick Riordan,"Fantasy, Juvenile Fiction, Mythology",Disney Digital Books,2011
Digital,OverDrive,AUDIOBOOK,2012,9,3,"The Throne of Fire: The Kane Chronicles, Book 2 (unabridged) (Unabridged)",,Rick Riordan,"Fantasy, Juvenile Fiction, Mythology","Brilliance Audio, Inc.",2011
Digital,OverDrive,AUDIOBOOK,2012,10,4,"The Red Pyramid: The Kane Chronicles, Book 1 (unabridged) (Unabridged)",,Rick Riordan,"Fantasy, Juvenile Fiction, Mythology","Brilliance Audio, Inc.",2010
Digital,OverDrive,AUDIOBOOK,2012,10,3,"The Throne of Fire: The Kane Chronicles, Book 2 (unabridged) (Unabridged)",,Rick Riordan,"Fantasy, Juvenile Fiction, Mythology","Brilliance Audio, Inc.",2011
Digital,OverDrive,EBOOK,2012,10,10,"The Red Pyramid: The Kane Chronicles, Book 1",,Rick Riordan,"Fantasy, Juvenile Fiction, Mythology",Disney Digital Books,2011
Digital,OverDrive,AUDIOBOOK,2012,11,3,"The Red Pyramid: The Kane Chronicles, Book 1 (unabridged) (Unabridged)",,Rick Riordan,"Fantasy, Juvenile Fiction, Mythology","Brilliance Audio, Inc.",2010
Digital,OverDrive,AUDIOBOOK,2012,11,3,"The Throne of Fire: The Kane Chronicles, Book 2 (unabridged) (Unabridged)",,Rick Riordan,"Fantasy, Juvenile Fiction, Mythology","Brilliance Audio, Inc.",2011
Digital,OverDrive,EBOOK,2012,11,10,"The Red Pyramid: The Kane Chronicles, Book 1",,Rick Riordan,"Fantasy, Juvenile Fiction, Mythology",Disney Digital Books,2011
Digital,OverDrive,AUDIOBOOK,2012,12,2,"The Red Pyramid: The Kane Chronicles, Book 1 (unabridged) (Unabridged)",,Rick Riordan,"Fantasy, Juvenile Fiction, Mythology","Brilliance Audio, Inc.",2010
Digital,OverDrive,AUDIOBOOK,2012,12,2,"The Throne of Fire: The Kane Chronicles, Book 2 (unabridged) (Unabridged)",,Rick Riordan,"Fantasy, Juvenile Fiction, Mythology","Brilliance Audio, Inc.",2011
Digital,OverDrive,EBOOK,2012,12,6,"The Red Pyramid: The Kane Chronicles, Book 1",,Rick Riordan,"Fantasy, Juvenile Fiction, Mythology",Disney Digital Books,2011
Digital,OverDrive,EBOOK,2013,1,7,"The Red Pyramid: The Kane Chronicles, Book 1",,Rick Riordan,"Fantasy, Juvenile Fiction, Mythology",Disney Digital Books,2011
Digital,OverDrive,AUDIOBOOK,2013,1,2,"The Throne of Fire: The Kane Chronicles, Book 2 (unabridged) (Unabridged)",,Rick Riordan,"Fantasy, Juvenile Fiction, Mythology","Brilliance Audio, Inc.",2011
Digital,OverDrive,AUDIOBOOK,2013,1,3,"The Red Pyramid: The Kane Chronicles, Book 1 (unabridged) (Unabridged)",,Rick Riordan,"Fantasy, Juvenile Fiction, Mythology","Brilliance Audio, Inc.",2010
Digital,OverDrive,EBOOK,2013,2,11,"The Red Pyramid: The Kane Chronicles, Book 1",,Rick Riordan,"Fantasy, Juvenile Fiction, Mythology",Disney Digital Books,2011
Digital,OverDrive,AUDIOBOOK,2013,2,3,"The Throne of Fire: The Kane Chronicles, Book 2 (unabridged) (Unabridged)",,Rick Riordan,"Fantasy, Juvenile Fiction, Mythology","Brilliance Audio, Inc.",2011
Digital,OverDrive,AUDIOBOOK,2013,2,5,"The Red Pyramid: The Kane Chronicles, Book 1 (unabridged) (Unabridged)",,Rick Riordan,"Fantasy, Juvenile Fiction, Mythology","Brilliance Audio, Inc.",2010
Digital,OverDrive,EBOOK,2013,3,10,"The Red Pyramid: The Kane Chronicles, Book 1",,Rick Riordan,"Fantasy, Juvenile Fiction, Mythology",Disney Digital Books,2011
Digital,OverDrive,AUDIOBOOK,2013,3,3,"The Red Pyramid: The Kane Chronicles, Book 1 (unabridged) (Unabridged)",,Rick Riordan,"Fantasy, Juvenile Fiction, Mythology","Brilliance Audio, Inc.",2010
Digital,OverDrive,AUDIOBOOK,2013,3,3,"The Throne of Fire: The Kane Chronicles, Book 2 (unabridged) (Unabridged)",,Rick Riordan,"Fantasy, Juvenile Fiction, Mythology","Brilliance Audio, Inc.",2011
Digital,OverDrive,EBOOK,2013,4,8,"The Red Pyramid: The Kane Chronicles, Book 1",,Rick Riordan,"Fantasy, Juvenile Fiction, Mythology",Disney Digital Books,2011
Digital,OverDrive,AUDIOBOOK,2013,4,4,"The Red Pyramid: The Kane Chronicles, Book 1 (unabridged) (Unabridged)",,Rick Riordan,"Fantasy, Juvenile Fiction, Mythology","Brilliance Audio, Inc.",2010
Digital,OverDrive,AUDIOBOOK,2013,4,3,"The Throne of Fire: The Kane Chronicles, Book 2 (unabridged) (Unabridged)",,Rick Riordan,"Fantasy, Juvenile Fiction, Mythology","Brilliance Audio, Inc.",2011
Digital,OverDrive,EBOOK,2013,5,9,"The Red Pyramid: The Kane Chronicles, Book 1",,Rick Riordan,"Fantasy, Juvenile Fiction, Mythology",Disney Digital Books,2011
Digital,OverDrive,AUDIOBOOK,2013,5,2,"The Red Pyramid: The Kane Chronicles, Book 1 (unabridged) (Unabridged)",,Rick Riordan,"Fantasy, Juvenile Fiction, Mythology","Brilliance Audio, Inc.",2010
Digital,OverDrive,AUDIOBOOK,2013,5,3,"The Throne of Fire: The Kane Chronicles, Book 2 (unabridged) (Unabridged)",,Rick Riordan,"Fantasy, Juvenile Fiction, Mythology","Brilliance Audio, Inc.",2011
Digital,OverDrive,AUDIOBOOK,2013,6,7,"The Red Pyramid: The Kane Chronicles, Book 1 (unabridged) (Unabridged)",,Rick Riordan,"Fantasy, Juvenile Fiction, Mythology","Brilliance Audio, Inc.",2010
Digital,OverDrive,EBOOK,2013,6,11,"The Red Pyramid: The Kane Chronicles, Book 1",,Rick Riordan,"Fantasy, Juvenile Fiction, Mythology",Disney Digital Books,2011
Digital,OverDrive,AUDIOBOOK,2013,6,4,"The Throne of Fire: The Kane Chronicles, Book 2 (unabridged) (Unabridged)",,Rick Riordan,"Fantasy, Juvenile Fiction, Mythology","Brilliance Audio, Inc.",2011
Digital,OverDrive,AUDIOBOOK,2013,7,3,"The Red Pyramid: The Kane Chronicles, Book 1 (unabridged) (Unabridged)",,Rick Riordan,"Fantasy, Juvenile Fiction, Mythology","Brilliance Audio, Inc.",2010
Digital,OverDrive,AUDIOBOOK,2013,7,1,"The Throne of Fire: The Kane Chronicles, Book 2 (unabridged) (Unabridged)",,Rick Riordan,"Fantasy, Juvenile Fiction, Mythology","Brilliance Audio, Inc.",2011
Digital,OverDrive,EBOOK,2013,7,12,"The Red Pyramid: The Kane Chronicles, Book 1",,Rick Riordan,"Fantasy, Juvenile Fiction, Mythology",Disney Digital Books,2011
Digital,OverDrive,AUDIOBOOK,2013,8,4,"The Red Pyramid: The Kane Chronicles, Book 1 (unabridged) (Unabridged)",,Rick Riordan,"Fantasy, Juvenile Fiction, Mythology","Brilliance Audio, Inc.",2010
Digital,OverDrive,AUDIOBOOK,2013,8,3,"The Throne of Fire: The Kane Chronicles, Book 2 (unabridged) (Unabridged)",,Rick Riordan,"Fantasy, Juvenile Fiction, Mythology","Brilliance Audio, Inc.",2011
Digital,OverDrive,EBOOK,2013,8,10,"The Red Pyramid: The Kane Chronicles, Book 1",,Rick Riordan,"Fantasy, Juvenile Fiction, Mythology",Disney Digital Books,2011
Digital,OverDrive,AUDIOBOOK,2013,9,2,"The Throne of Fire: The Kane Chronicles, Book 2 (unabridged) (Unabridged)",,Rick Riordan,"Fantasy, Juvenile Fiction, Mythology","Brilliance Audio, Inc.",2011
Digital,OverDrive,EBOOK,2013,9,11,"The Red Pyramid: The Kane Chronicles, Book 1",,Rick Riordan,"Fantasy, Juvenile Fiction, Mythology",Disney Digital Books,2011
Digital,OverDrive,AUDIOBOOK,2013,9,5,"The Red Pyramid: The Kane Chronicles, Book 1 (unabridged) (Unabridged)",,Rick Riordan,"Fantasy, Juvenile Fiction, Mythology","Brilliance Audio, Inc.",2010
Digital,OverDrive,EBOOK,2013,10,10,"The Red Pyramid: The Kane Chronicles, Book 1",,Rick Riordan,"Fantasy, Juvenile Fiction, Mythology",Disney Digital Books,2011
Digital,OverDrive,AUDIOBOOK,2013,10,4,"The Throne of Fire: The Kane Chronicles, Book 2 (unabridged) (Unabridged)",,Rick Riordan,"Fantasy, Juvenile Fiction, Mythology","Brilliance Audio, Inc.",2011
Digital,OverDrive,AUDIOBOOK,2013,10,5,"The Red Pyramid: The Kane Chronicles, Book 1 (unabridged) (Unabridged)",,Rick Riordan,"Fantasy, Juvenile Fiction, Mythology","Brilliance Audio, Inc.",2010
Digital,OverDrive,AUDIOBOOK,2013,11,2,"The Red Pyramid: The Kane Chronicles, Book 1 (unabridged) (Unabridged)",,Rick Riordan,"Fantasy, Juvenile Fiction, Mythology","Brilliance Audio, Inc.",2010
Digital,OverDrive,AUDIOBOOK,2013,11,1,"The Throne of Fire: The Kane Chronicles, Book 2 (unabridged) (Unabridged)",,Rick Riordan,"Fantasy, Juvenile Fiction, Mythology","Brilliance Audio, Inc.",2011
Digital,OverDrive,EBOOK,2013,11,10,"The Red Pyramid: The Kane Chronicles, Book 1",,Rick Riordan,"Fantasy, Juvenile Fiction, Mythology",Disney Digital Books,2011
Digital,OverDrive,EBOOK,2013,12,15,"The Red Pyramid: The Kane Chronicles, Book 1",,Rick Riordan,"Fantasy, Juvenile Fiction, Mythology",Disney Digital Books,2011
Digital,OverDrive,AUDIOBOOK,2013,12,2,"The Throne of Fire: The Kane Chronicles, Book 2 (unabridged) (Unabridged)",,Rick Riordan,"Fantasy, Juvenile Fiction, Mythology","Brilliance Audio, Inc.",2011
Digital,OverDrive,AUDIOBOOK,2013,12,5,"The Red Pyramid: The Kane Chronicles, Book 1 (unabridged) (Unabridged)",,Rick Riordan,"Fantasy, Juvenile Fiction, Mythology","Brilliance Audio, Inc.",2010
Digital,OverDrive,EBOOK,2014,1,9,"The Red Pyramid: The Kane Chronicles, Book 1",,Rick Riordan,"Fantasy, Juvenile Fiction, Mythology",Disney Digital Books,2011
Digital,OverDrive,AUDIOBOOK,2014,1,1,"The Red Pyramid: The Kane Chronicles, Book 1 (unabridged) (Unabridged)",,Rick Riordan,"Fantasy, Juvenile Fiction, Mythology","Brilliance Audio, Inc.",2010
Digital,OverDrive,AUDIOBOOK,2014,2,1,"The Red Pyramid: The Kane Chronicles, Book 1 (unabridged) (Unabridged)",,Rick Riordan,"Fantasy, Juvenile Fiction, Mythology","Brilliance Audio, Inc.",2010
Digital,OverDrive,EBOOK,2014,2,9,"The Red Pyramid: The Kane Chronicles, Book 1",,Rick Riordan,"Fantasy, Juvenile Fiction, Mythology",Disney Digital Books,2011
Digital,OverDrive,AUDIOBOOK,2014,3,1,"The Throne of Fire: The Kane Chronicles, Book 2 (unabridged) (Unabridged)",,Rick Riordan,"Fantasy, Juvenile Fiction, Mythology","Brilliance Audio, Inc.",2011
Digital,OverDrive,EBOOK,2014,3,8,"The Red Pyramid: The Kane Chronicles, Book 1",,Rick Riordan,"Fantasy, Juvenile Fiction, Mythology",Disney Digital Books,2011
Digital,OverDrive,AUDIOBOOK,2014,3,3,"The Red Pyramid: The Kane Chronicles, Book 1 (unabridged) (Unabridged)",,Rick Riordan,"Fantasy, Juvenile Fiction, Mythology","Brilliance Audio, Inc.",2010
Digital,OverDrive,EBOOK,2014,3,2,"The Throne of Fire: The Kane Chronicles, Book 2",,Rick Riordan,"Fantasy, Juvenile Fiction, Mythology",Disney Digital Books,2014
Digital,OverDrive,EBOOK,2014,3,10,"The Serpent's Shadow: The Kane Chronicles, Book 3",,Rick Riordan,"Fantasy, Juvenile Fiction, Mythology",Disney Digital Books,2014
Digital,OverDrive,EBOOK,2014,4,4,"The Throne of Fire: The Kane Chronicles, Book 2",,Rick Riordan,"Fantasy, Juvenile Fiction, Mythology",Disney Digital Books,2014
Digital,OverDrive,EBOOK,2014,4,10,"The Red Pyramid: The Kane Chronicles, Book 1",,Rick Riordan,"Fantasy, Juvenile Fiction, Mythology",Disney Digital Books,2011
Digital,OverDrive,EBOOK,2014,4,4,"The Serpent's Shadow: The Kane Chronicles, Book 3",,Rick Riordan,"Fantasy, Juvenile Fiction, Mythology",Disney Digital Books,2014
Digital,OverDrive,AUDIOBOOK,2014,4,2,"The Red Pyramid: The Kane Chronicles, Book 1 (unabridged) (Unabridged)",,Rick Riordan,"Fantasy, Juvenile Fiction, Mythology","Brilliance Audio, Inc.",2010
Digital,OverDrive,AUDIOBOOK,2014,5,2,"The Red Pyramid: The Kane Chronicles, Book 1 (unabridged) (Unabridged)",,Rick Riordan,"Fantasy, Juvenile Fiction, Mythology","Brilliance Audio, Inc.",2010
Digital,OverDrive,EBOOK,2014,5,4,"The Serpent's Shadow: The Kane Chronicles, Book 3",,Rick Riordan,"Fantasy, Juvenile Fiction, Mythology",Disney Digital Books,2014
Digital,OverDrive,AUDIOBOOK,2014,5,1,"The Throne of Fire: The Kane Chronicles, Book 2 (unabridged) (Unabridged)",,Rick Riordan,"Fantasy, Juvenile Fiction, Mythology","Brilliance Audio, Inc.",2011
Digital,OverDrive,EBOOK,2014,5,5,"The Throne of Fire: The Kane Chronicles, Book 2",,Rick Riordan,"Fantasy, Juvenile Fiction, Mythology",Disney Digital Books,2014
Digital,OverDrive,EBOOK,2014,5,10,"The Red Pyramid: The Kane Chronicles, Book 1",,Rick Riordan,"Fantasy, Juvenile Fiction, Mythology",Disney Digital Books,2011
Digital,OverDrive,EBOOK,2014,6,5,"The Serpent's Shadow: The Kane Chronicles, Book 3",,Rick Riordan,"Fantasy, Juvenile Fiction, Mythology",Disney Digital Books,2014
Digital,OverDrive,EBOOK,2014,6,3,"The Throne of Fire: The Kane Chronicles, Book 2",,Rick Riordan,"Fantasy, Juvenile Fiction, Mythology",Disney Digital Books,2014
Digital,OverDrive,AUDIOBOOK,2014,6,3,"The Red Pyramid: The Kane Chronicles, Book 1 (unabridged) (Unabridged)",,Rick Riordan,"Fantasy, Juvenile Fiction, Mythology","Brilliance Audio, Inc.",2010
Digital,OverDrive,EBOOK,2014,6,9,"The Red Pyramid: The Kane Chronicles, Book 1",,Rick Riordan,"Fantasy, Juvenile Fiction, Mythology",Disney Digital Books,2011
Digital,OverDrive,AUDIOBOOK,2014,7,2,"The Red Pyramid: The Kane Chronicles, Book 1 (unabridged) (Unabridged)",,Rick Riordan,"Fantasy, Juvenile Fiction, Mythology","Brilliance Audio, Inc.",2010
Digital,OverDrive,EBOOK,2014,7,14,"The Red Pyramid: The Kane Chronicles, Book 1",,Rick Riordan,"Fantasy, Juvenile Fiction, Mythology",Disney Digital Books,2011
Digital,OverDrive,AUDIOBOOK,2014,7,1,"The Throne of Fire: The Kane Chronicles, Book 2 (unabridged) (Unabridged)",,Rick Riordan,"Fantasy, Juvenile Fiction, Mythology","Brilliance Audio, Inc.",2011
Digital,OverDrive,EBOOK,2014,7,3,"The Serpent's Shadow: The Kane Chronicles, Book 3",,Rick Riordan,"Fantasy, Juvenile Fiction, Mythology",Disney Digital Books,2014
Digital,OverDrive,EBOOK,2014,7,4,"The Throne of Fire: The Kane Chronicles, Book 2",,Rick Riordan,"Fantasy, Juvenile Fiction, Mythology",Disney Digital Books,2014
Digital,OverDrive,AUDIOBOOK,2014,8,6,"The Red Pyramid: The Kane Chronicles, Book 1 (unabridged) (Unabridged)",,Rick Riordan,"Fantasy, Juvenile Fiction, Mythology","Brilliance Audio, Inc.",2010
Digital,OverDrive,EBOOK,2014,8,12,"The Red Pyramid: The Kane Chronicles, Book 1",,Rick Riordan,"Fantasy, Juvenile Fiction, Mythology",Disney Digital Books,2011
Digital,OverDrive,EBOOK,2014,8,5,"The Throne of Fire: The Kane Chronicles, Book 2",,Rick Riordan,"Fantasy, Juvenile Fiction, Mythology",Disney Digital Books,2014
Digital,OverDrive,AUDIOBOOK,2014,8,1,"The Throne of Fire: The Kane Chronicles, Book 2 (unabridged) (Unabridged)",,Rick Riordan,"Fantasy, Juvenile Fiction, Mythology","Brilliance Audio, Inc.",2011
Digital,OverDrive,EBOOK,2014,8,5,"The Serpent's Shadow: The Kane Chronicles, Book 3",,Rick Riordan,"Fantasy, Juvenile Fiction, Mythology",Disney Digital Books,2014
Digital,OverDrive,AUDIOBOOK,2014,9,4,"The Throne of Fire: The Kane Chronicles, Book 2 (unabridged) (Unabridged)",,Rick Riordan,"Fantasy, Juvenile Fiction, Mythology","Brilliance Audio, Inc.",2011
Digital,OverDrive,EBOOK,2014,9,5,"The Serpent's Shadow: The Kane Chronicles, Book 3",,Rick Riordan,"Fantasy, Juvenile Fiction, Mythology",Disney Digital Books,2014
Digital,OverDrive,EBOOK,2014,9,5,"The Throne of Fire: The Kane Chronicles, Book 2",,Rick Riordan,"Fantasy, Juvenile Fiction, Mythology",Disney Digital Books,2014
Digital,OverDrive,AUDIOBOOK,2014,9,3,"The Red Pyramid: The Kane Chronicles, Book 1 (unabridged) (Unabridged)",,Rick Riordan,"Fantasy, Juvenile Fiction, Mythology","Brilliance Audio, Inc.",2010
Digital,OverDrive,EBOOK,2014,9,10,"The Red Pyramid: The Kane Chronicles, Book 1",,Rick Riordan,"Fantasy, Juvenile Fiction, Mythology",Disney Digital Books,2011
Digital,OverDrive,EBOOK,2014,10,13,"The Red Pyramid: The Kane Chronicles, Book 1",,Rick Riordan,"Fantasy, Juvenile Fiction, Mythology",Disney Digital Books,2011
Digital,OverDrive,AUDIOBOOK,2014,10,2,"The Red Pyramid: The Kane Chronicles, Book 1 (unabridged) (Unabridged)",,Rick Riordan,"Fantasy, Juvenile Fiction, Mythology","Brilliance Audio, Inc.",2010
Digital,OverDrive,EBOOK,2014,10,5,"The Serpent's Shadow: The Kane Chronicles, Book 3",,Rick Riordan,"Fantasy, Juvenile Fiction, Mythology",Disney Digital Books,2014
Digital,OverDrive,EBOOK,2014,10,5,"The Throne of Fire: The Kane Chronicles, Book 2",,Rick Riordan,"Fantasy, Juvenile Fiction, Mythology",Disney Digital Books,2014
Digital,OverDrive,AUDIOBOOK,2014,10,1,"The Throne of Fire: The Kane Chronicles, Book 2 (unabridged) (Unabridged)",,Rick Riordan,"Fantasy, Juvenile Fiction, Mythology","Brilliance Audio, Inc.",2011
Digital,OverDrive,EBOOK,2014,11,12,"The Red Pyramid: The Kane Chronicles, Book 1",,Rick Riordan,"Fantasy, Juvenile Fiction, Mythology",Disney Digital Books,2011
Digital,OverDrive,AUDIOBOOK,2014,11,1,"The Red Pyramid: The Kane Chronicles, Book 1 (unabridged) (Unabridged)",,Rick Riordan,"Fantasy, Juvenile Fiction, Mythology","Brilliance Audio, Inc.",2010
Digital,OverDrive,EBOOK,2014,11,5,"The Throne of Fire: The Kane Chronicles, Book 2",,Rick Riordan,"Fantasy, Juvenile Fiction, Mythology",Disney Digital Books,2014
Digital,OverDrive,EBOOK,2014,11,6,"The Serpent's Shadow: The Kane Chronicles, Book 3",,Rick Riordan,"Fantasy, Juvenile Fiction, Mythology",Disney Digital Books,2014
Digital,OverDrive,AUDIOBOOK,2014,11,1,"The Throne of Fire: The Kane Chronicles, Book 2 (unabridged) (Unabridged)",,Rick Riordan,"Fantasy, Juvenile Fiction, Mythology","Brilliance Audio, Inc.",2011
Digital,OverDrive,EBOOK,2014,12,4,"The Throne of Fire: The Kane Chronicles, Book 2",,Rick Riordan,"Fantasy, Juvenile Fiction, Mythology",Disney Digital Books,2014
Digital,OverDrive,AUDIOBOOK,2014,12,4,"The Throne of Fire: The Kane Chronicles, Book 2 (unabridged) (Unabridged)",,Rick Riordan,"Fantasy, Juvenile Fiction, Mythology","Brilliance Audio, Inc.",2011
Digital,OverDrive,AUDIOBOOK,2014,12,5,"The Red Pyramid: The Kane Chronicles, Book 1 (unabridged) (Unabridged)",,Rick Riordan,"Fantasy, Juvenile Fiction, Mythology","Brilliance Audio, Inc.",2010
Digital,OverDrive,EBOOK,2014,12,4,"The Serpent's Shadow: The Kane Chronicles, Book 3",,Rick Riordan,"Fantasy, Juvenile Fiction, Mythology",Disney Digital Books,2014
Digital,OverDrive,EBOOK,2014,12,14,"The Red Pyramid: The Kane Chronicles, Book 1",,Rick Riordan,"Fantasy, Juvenile Fiction, Mythology",Disney Digital Books,2011
Digital,OverDrive,EBOOK,2015,1,11,"The Red Pyramid: The Kane Chronicles, Book 1",,Rick Riordan,"Fantasy, Juvenile Fiction, Mythology",Disney Digital Books,2011
Digital,OverDrive,EBOOK,2015,1,4,"The Serpent's Shadow: The Kane Chronicles, Book 3",,Rick Riordan,"Fantasy, Juvenile Fiction, Mythology",Disney Digital Books,2014
Digital,OverDrive,AUDIOBOOK,2015,1,1,"The Red Pyramid: The Kane Chronicles, Book 1 (unabridged) (Unabridged)",,Rick Riordan,"Fantasy, Juvenile Fiction, Mythology","Brilliance Audio, Inc.",2010
Digital,OverDrive,EBOOK,2015,1,7,"The Throne of Fire: The Kane Chronicles, Book 2",,Rick Riordan,"Fantasy, Juvenile Fiction, Mythology",Disney Digital Books,2014
Digital,OverDrive,AUDIOBOOK,2015,2,1,"The Throne of Fire: The Kane Chronicles, Book 2 (unabridged) (Unabridged)",,Rick Riordan,"Fantasy, Juvenile Fiction, Mythology","Brilliance Audio, Inc.",2011
Digital,OverDrive,EBOOK,2015,2,9,"The Red Pyramid: The Kane Chronicles, Book 1",,Rick Riordan,"Fantasy, Juvenile Fiction, Mythology",Disney Digital Books,2011
Digital,OverDrive,EBOOK,2015,2,4,"The Serpent's Shadow: The Kane Chronicles, Book 3",,Rick Riordan,"Fantasy, Juvenile Fiction, Mythology",Disney Digital Books,2014
Digital,OverDrive,EBOOK,2015,2,4,"The Throne of Fire: The Kane Chronicles, Book 2",,Rick Riordan,"Fantasy, Juvenile Fiction, Mythology",Disney Digital Books,2014
Digital,OverDrive,AUDIOBOOK,2015,3,3,"The Red Pyramid: The Kane Chronicles, Book 1 (unabridged) (Unabridged)",,Rick Riordan,"Fantasy, Juvenile Fiction, Mythology","Brilliance Audio, Inc.",2010
Digital,OverDrive,EBOOK,2015,3,4,"The Serpent's Shadow: The Kane Chronicles, Book 3",,Rick Riordan,"Fantasy, Juvenile Fiction, Mythology",Disney Digital Books,2014
Digital,OverDrive,EBOOK,2015,3,14,"The Red Pyramid: The Kane Chronicles, Book 1",,Rick Riordan,"Fantasy, Juvenile Fiction, Mythology",Disney Digital Books,2011
Digital,OverDrive,EBOOK,2015,3,4,"The Throne of Fire: The Kane Chronicles, Book 2",,Rick Riordan,"Fantasy, Juvenile Fiction, Mythology",Disney Digital Books,2014
Digital,OverDrive,AUDIOBOOK,2015,3,1,"The Throne of Fire: The Kane Chronicles, Book 2 (unabridged) (Unabridged)",,Rick Riordan,"Fantasy, Juvenile Fiction, Mythology","Brilliance Audio, Inc.",2011
Digital,OverDrive,EBOOK,2015,4,9,"The Red Pyramid: The Kane Chronicles, Book 1",,Rick Riordan,"Fantasy, Juvenile Fiction, Mythology",Disney Digital Books,2011
Digital,OverDrive,EBOOK,2015,4,9,"The Throne of Fire: The Kane Chronicles, Book 2",,Rick Riordan,"Fantasy, Juvenile Fiction, Mythology",Disney Digital Books,2014
Digital,OverDrive,EBOOK,2015,4,7,"The Serpent's Shadow: The Kane Chronicles, Book 3",,Rick Riordan,"Fantasy, Juvenile Fiction, Mythology",Disney Digital Books,2014
Digital,OverDrive,AUDIOBOOK,2015,5,1,"The Throne of Fire: The Kane Chronicles, Book 2 (unabridged) (Unabridged)",,Rick Riordan,"Fantasy, Juvenile Fiction, Mythology","Brilliance Audio, Inc.",2011
Digital,OverDrive,EBOOK,2015,5,5,"The Throne of Fire: The Kane Chronicles, Book 2",,Rick Riordan,"Fantasy, Juvenile Fiction, Mythology",Disney Digital Books,2014
Digital,OverDrive,EBOOK,2015,5,12,"The Red Pyramid: The Kane Chronicles, Book 1",,Rick Riordan,"Fantasy, Juvenile Fiction, Mythology",Disney Digital Books,2011
Digital,OverDrive,EBOOK,2015,5,6,"The Serpent's Shadow: The Kane Chronicles, Book 3",,Rick Riordan,"Fantasy, Juvenile Fiction, Mythology",Disney Digital Books,2014
Digital,OverDrive,EBOOK,2015,6,5,"The Throne of Fire: The Kane Chronicles, Book 2",,Rick Riordan,"Fantasy, Juvenile Fiction, Mythology",Disney Digital Books,2014
Digital,OverDrive,EBOOK,2015,6,3,"The Serpent's Shadow: The Kane Chronicles, Book 3",,Rick Riordan,"Fantasy, Juvenile Fiction, Mythology",Disney Digital Books,2014
Digital,OverDrive,EBOOK,2015,6,9,"The Red Pyramid: The Kane Chronicles, Book 1",,Rick Riordan,"Fantasy, Juvenile Fiction, Mythology",Disney Digital Books,2011
Digital,OverDrive,EBOOK,2015,7,13,"The Red Pyramid: The Kane Chronicles, Book 1",,Rick Riordan,"Fantasy, Juvenile Fiction, Mythology",Disney Digital Books,2011
Digital,OverDrive,EBOOK,2015,7,3,"The Serpent's Shadow: The Kane Chronicles, Book 3",,Rick Riordan,"Fantasy, Juvenile Fiction, Mythology",Disney Digital Books,2014
Digital,OverDrive,EBOOK,2015,7,5,"The Throne of Fire: The Kane Chronicles, Book 2",,Rick Riordan,"Fantasy, Juvenile Fiction, Mythology",Disney Digital Books,2014
Digital,OverDrive,EBOOK,2015,8,10,"The Red Pyramid: The Kane Chronicles, Book 1",,Rick Riordan,"Fantasy, Juvenile Fiction, Mythology",Disney Digital Books,2011
Digital,OverDrive,EBOOK,2015,8,5,"The Throne of Fire: The Kane Chronicles, Book 2",,Rick Riordan,"Fantasy, Juvenile Fiction, Mythology",Disney Digital Books,2014
Digital,OverDrive,EBOOK,2015,8,2,"The Serpent's Shadow: The Kane Chronicles, Book 3",,Rick Riordan,"Fantasy, Juvenile Fiction, Mythology",Disney Digital Books,2014
Digital,OverDrive,EBOOK,2015,9,3,"The Serpent's Shadow: The Kane Chronicles, Book 3",,Rick Riordan,"Fantasy, Juvenile Fiction, Mythology",Disney Digital Books,2014
Digital,OverDrive,EBOOK,2015,9,13,"The Red Pyramid: The Kane Chronicles, Book 1",,Rick Riordan,"Fantasy, Juvenile Fiction, Mythology",Disney Digital Books,2011
Digital,OverDrive,EBOOK,2015,9,5,"The Throne of Fire: The Kane Chronicles, Book 2",,Rick Riordan,"Fantasy, Juvenile Fiction, Mythology",Disney Digital Books,2014
Digital,OverDrive,EBOOK,2015,10,10,"The Red Pyramid: The Kane Chronicles, Book 1",,Rick Riordan,"Fantasy, Juvenile Fiction, Mythology",Disney Digital Books,2011
Digital,OverDrive,EBOOK,2015,10,4,"The Serpent's Shadow: The Kane Chronicles, Book 3",,Rick Riordan,"Fantasy, Juvenile Fiction, Mythology",Disney Digital Books,2014
Digital,OverDrive,EBOOK,2015,10,5,"The Throne of Fire: The Kane Chronicles, Book 2",,Rick Riordan,"Fantasy, Juvenile Fiction, Mythology",Disney Digital Books,2014
Digital,OverDrive,EBOOK,2015,11,11,"The Red Pyramid: The Kane Chronicles, Book 1",,Rick Riordan,"Fantasy, Juvenile Fiction, Mythology",Disney Digital Books,2011
Digital,OverDrive,EBOOK,2015,11,5,"The Throne of Fire: The Kane Chronicles, Book 2",,Rick Riordan,"Fantasy, Juvenile Fiction, Mythology",Disney Digital Books,2014
Digital,OverDrive,EBOOK,2015,11,3,"The Serpent's Shadow: The Kane Chronicles, Book 3",,Rick Riordan,"Fantasy, Juvenile Fiction, Mythology",Disney Digital Books,2014
Digital,OverDrive,EBOOK,2015,12,9,"The Red Pyramid: The Kane Chronicles, Book 1",,Rick Riordan,"Fantasy, Juvenile Fiction, Mythology",Disney Digital Books,2011
Digital,OverDrive,EBOOK,2015,12,3,"The Serpent's Shadow: The Kane Chronicles, Book 3",,Rick Riordan,"Fantasy, Juvenile Fiction, Mythology",Disney Digital Books,2014
Digital,OverDrive,EBOOK,2015,12,3,"The Throne of Fire: The Kane Chronicles, Book 2",,Rick Riordan,"Fantasy, Juvenile Fiction, Mythology",Disney Digital Books,2014
Digital,OverDrive,EBOOK,2016,10,6,"The Throne of Fire: The Kane Chronicles, Book 2",,Rick Riordan,"Fantasy, Juvenile Fiction, Mythology",Disney Digital Books,2014
Digital,OverDrive,EBOOK,2016,10,4,"The Serpent's Shadow: The Kane Chronicles, Book 3",,Rick Riordan,"Fantasy, Juvenile Fiction, Mythology",Disney Digital Books,2014
Digital,OverDrive,EBOOK,2016,11,12,"The Red Pyramid: The Kane Chronicles, Book 1",,Rick Riordan,"Fantasy, Juvenile Fiction, Mythology",Disney Digital Books,2011
Digital,OverDrive,EBOOK,2016,11,4,"The Serpent's Shadow: The Kane Chronicles, Book 3",,Rick Riordan,"Fantasy, Juvenile Fiction, Mythology",Disney Digital Books,2014
Digital,OverDrive,EBOOK,2016,11,6,"The Throne of Fire: The Kane Chronicles, Book 2",,Rick Riordan,"Fantasy, Juvenile Fiction, Mythology",Disney Digital Books,2014
Digital,OverDrive,EBOOK,2016,12,4,"The Serpent's Shadow: The Kane Chronicles, Book 3",,Rick Riordan,"Fantasy, Juvenile Fiction, Mythology",Disney Digital Books,2014
Digital,OverDrive,EBOOK,2016,12,13,"The Red Pyramid: The Kane Chronicles, Book 1",,Rick Riordan,"Fantasy, Juvenile Fiction, Mythology",Disney Digital Books,2011
Digital,OverDrive,EBOOK,2016,12,5,"The Throne of Fire: The Kane Chronicles, Book 2",,Rick Riordan,"Fantasy, Juvenile Fiction, Mythology",Disney Digital Books,2014
Digital,OverDrive,EBOOK,2016,1,3,"The Throne of Fire: The Kane Chronicles, Book 2",,Rick Riordan,"Fantasy, Juvenile Fiction, Mythology",Disney Digital Books,2014
Digital,OverDrive,EBOOK,2016,1,4,"The Serpent's Shadow: The Kane Chronicles, Book 3",,Rick Riordan,"Fantasy, Juvenile Fiction, Mythology",Disney Digital Books,2014
Digital,OverDrive,EBOOK,2016,1,12,"The Red Pyramid: The Kane Chronicles, Book 1",,Rick Riordan,"Fantasy, Juvenile Fiction, Mythology",Disney Digital Books,2011
Digital,OverDrive,EBOOK,2016,2,4,"The Throne of Fire: The Kane Chronicles, Book 2",,Rick Riordan,"Fantasy, Juvenile Fiction, Mythology",Disney Digital Books,2014
Digital,OverDrive,EBOOK,2016,2,9,"The Red Pyramid: The Kane Chronicles, Book 1",,Rick Riordan,"Fantasy, Juvenile Fiction, Mythology",Disney Digital Books,2011
Digital,OverDrive,EBOOK,2016,2,2,"The Serpent's Shadow: The Kane Chronicles, Book 3",,Rick Riordan,"Fantasy, Juvenile Fiction, Mythology",Disney Digital Books,2014
Digital,OverDrive,EBOOK,2016,3,5,"The Throne of Fire: The Kane Chronicles, Book 2",,Rick Riordan,"Fantasy, Juvenile Fiction, Mythology",Disney Digital Books,2014
Digital,OverDrive,EBOOK,2016,3,4,"The Serpent's Shadow: The Kane Chronicles, Book 3",,Rick Riordan,"Fantasy, Juvenile Fiction, Mythology",Disney Digital Books,2014
Digital,OverDrive,EBOOK,2016,3,9,"The Red Pyramid: The Kane Chronicles, Book 1",,Rick Riordan,"Fantasy, Juvenile Fiction, Mythology",Disney Digital Books,2011
Digital,OverDrive,EBOOK,2016,4,4,"The Throne of Fire: The Kane Chronicles, Book 2",,Rick Riordan,"Fantasy, Juvenile Fiction, Mythology",Disney Digital Books,2014
Digital,OverDrive,EBOOK,2016,4,12,"The Red Pyramid: The Kane Chronicles, Book 1",,Rick Riordan,"Fantasy, Juvenile Fiction, Mythology",Disney Digital Books,2011
Digital,OverDrive,EBOOK,2016,4,4,"The Serpent's Shadow: The Kane Chronicles, Book 3",,Rick Riordan,"Fantasy, Juvenile Fiction, Mythology",Disney Digital Books,2014
Digital,OverDrive,EBOOK,2016,5,9,"The Red Pyramid: The Kane Chronicles, Book 1",,Rick Riordan,"Fantasy, Juvenile Fiction, Mythology",Disney Digital Books,2011
Digital,OverDrive,EBOOK,2016,5,5,"The Serpent's Shadow: The Kane Chronicles, Book 3",,Rick Riordan,"Fantasy, Juvenile Fiction, Mythology",Disney Digital Books,2014
Digital,OverDrive,EBOOK,2016,5,5,"The Throne of Fire: The Kane Chronicles, Book 2",,Rick Riordan,"Fantasy, Juvenile Fiction, Mythology",Disney Digital Books,2014
Digital,OverDrive,EBOOK,2016,6,4,"The Throne of Fire: The Kane Chronicles, Book 2",,Rick Riordan,"Fantasy, Juvenile Fiction, Mythology",Disney Digital Books,2014
Digital,OverDrive,EBOOK,2016,6,11,"The Red Pyramid: The Kane Chronicles, Book 1",,Rick Riordan,"Fantasy, Juvenile Fiction, Mythology",Disney Digital Books,2011
Digital,OverDrive,EBOOK,2016,6,4,"The Serpent's Shadow: The Kane Chronicles, Book 3",,Rick Riordan,"Fantasy, Juvenile Fiction, Mythology",Disney Digital Books,2014
Digital,OverDrive,EBOOK,2016,7,4,"The Serpent's Shadow: The Kane Chronicles, Book 3",,Rick Riordan,"Fantasy, Juvenile Fiction, Mythology",Disney Digital Books,2014
Digital,OverDrive,EBOOK,2016,7,8,"The Red Pyramid: The Kane Chronicles, Book 1",,Rick Riordan,"Fantasy, Juvenile Fiction, Mythology",Disney Digital Books,2011
Digital,OverDrive,EBOOK,2016,7,5,"The Throne of Fire: The Kane Chronicles, Book 2",,Rick Riordan,"Fantasy, Juvenile Fiction, Mythology",Disney Digital Books,2014
Digital,OverDrive,EBOOK,2016,8,13,"The Red Pyramid: The Kane Chronicles, Book 1",,Rick Riordan,"Fantasy, Juvenile Fiction, Mythology",Disney Digital Books,2011
Digital,OverDrive,EBOOK,2016,8,6,"The Throne of Fire: The Kane Chronicles, Book 2",,Rick Riordan,"Fantasy, Juvenile Fiction, Mythology",Disney Digital Books,2014
Digital,OverDrive,EBOOK,2016,8,4,"The Serpent's Shadow: The Kane Chronicles, Book 3",,Rick Riordan,"Fantasy, Juvenile Fiction, Mythology",Disney Digital Books,2014
Digital,OverDrive,EBOOK,2016,9,14,"The Red Pyramid: The Kane Chronicles, Book 1",,Rick Riordan,"Fantasy, Juvenile Fiction, Mythology",Disney Digital Books,2011
Digital,OverDrive,EBOOK,2016,9,4,"The Serpent's Shadow: The Kane Chronicles, Book 3",,Rick Riordan,"Fantasy, Juvenile Fiction, Mythology",Disney Digital Books,2014
Digital,OverDrive,EBOOK,2016,9,6,"The Throne of Fire: The Kane Chronicles, Book 2",,Rick Riordan,"Fantasy, Juvenile Fiction, Mythology",Disney Digital Books,2014
Digital,OverDrive,EBOOK,2016,10,9,"The Red Pyramid: The Kane Chronicles, Book 1",,Rick Riordan,"Fantasy, Juvenile Fiction, Mythology",Disney Digital Books,2011
Digital,OverDrive,EBOOK,2017,1,5,"The Serpent's Shadow: The Kane Chronicles, Book 3",,Rick Riordan,"Fantasy, Juvenile Fiction, Mythology",Disney Digital Books,2014
Digital,OverDrive,EBOOK,2017,1,5,"The Throne of Fire: The Kane Chronicles, Book 2",,Rick Riordan,"Fantasy, Juvenile Fiction, Mythology",Disney Digital Books,2014
Digital,OverDrive,EBOOK,2017,1,11,"The Red Pyramid: The Kane Chronicles, Book 1",,Rick Riordan,"Fantasy, Juvenile Fiction, Mythology",Disney Digital Books,2011
Digital,OverDrive,EBOOK,2017,2,9,"The Red Pyramid: The Kane Chronicles, Book 1",,Rick Riordan,"Fantasy, Juvenile Fiction, Mythology",Disney Digital Books,2011
Digital,OverDrive,EBOOK,2017,2,2,"The Throne of Fire: The Kane Chronicles, Book 2",,Rick Riordan,"Fantasy, Juvenile Fiction, Mythology",Disney Digital Books,2014
Digital,OverDrive,EBOOK,2017,3,5,"The Throne of Fire: The Kane Chronicles, Book 2",,Rick Riordan,"Fantasy, Juvenile Fiction, Mythology",Disney Digital Books,2014
Digital,OverDrive,EBOOK,2017,2,4,"The Serpent's Shadow: The Kane Chronicles, Book 3",,Rick Riordan,"Fantasy, Juvenile Fiction, Mythology",Disney Digital Books,2014
Digital,OverDrive,EBOOK,2017,3,12,"The Red Pyramid: The Kane Chronicles, Book 1",,Rick Riordan,"Fantasy, Juvenile Fiction, Mythology",Disney Digital Books,2011
Digital,OverDrive,EBOOK,2017,3,3,"The Serpent's Shadow: The Kane Chronicles, Book 3",,Rick Riordan,"Fantasy, Juvenile Fiction, Mythology",Disney Digital Books,2014
Digital,OverDrive,EBOOK,2017,4,3,"The Throne of Fire: The Kane Chronicles, Book 2",,Rick Riordan,"Fantasy, Juvenile Fiction, Mythology",Disney Digital Books,2014
Digital,OverDrive,EBOOK,2017,4,9,"The Red Pyramid: The Kane Chronicles, Book 1",,Rick Riordan,"Fantasy, Juvenile Fiction, Mythology",Disney Digital Books,2011
Digital,OverDrive,EBOOK,2017,4,2,"The Serpent's Shadow: The Kane Chronicles, Book 3",,Rick Riordan,"Fantasy, Juvenile Fiction, Mythology",Disney Digital Books,2014
Digital,OverDrive,EBOOK,2017,6,3,"The Serpent's Shadow: The Kane Chronicles, Book 3",,Rick Riordan,"Fantasy, Juvenile Fiction, Mythology",Disney Digital Books,2014
Digital,OverDrive,EBOOK,2017,6,10,"The Red Pyramid: The Kane Chronicles, Book 1",,Rick Riordan,"Fantasy, Juvenile Fiction, Mythology",Disney Digital Books,2011
Digital,OverDrive,EBOOK,2017,5,5,"The Throne of Fire: The Kane Chronicles, Book 2",,Rick Riordan,"Fantasy, Juvenile Fiction, Mythology",Disney Digital Books,2014
Digital,OverDrive,EBOOK,2017,5,11,"The Red Pyramid: The Kane Chronicles, Book 1",,Rick Riordan,"Fantasy, Juvenile Fiction, Mythology",Disney Digital Books,2011
Digital,OverDrive,EBOOK,2017,5,4,"The Serpent's Shadow: The Kane Chronicles, Book 3",,Rick Riordan,"Fantasy, Juvenile Fiction, Mythology",Disney Digital Books,2014
Digital,OverDrive,EBOOK,2017,6,3,"The Throne of Fire: The Kane Chronicles, Book 2",,Rick Riordan,"Fantasy, Juvenile Fiction, Mythology",Disney Digital Books,2014
Digital,OverDrive,EBOOK,2017,7,2,"The Throne of Fire: The Kane Chronicles, Book 2",,Rick Riordan,"Fantasy, Juvenile Fiction, Mythology",Disney Digital Books,2014
Digital,OverDrive,EBOOK,2017,7,14,"The Red Pyramid: The Kane Chronicles, Book 1",,Rick Riordan,"Fantasy, Juvenile Fiction, Mythology",Disney Digital Books,2011
Digital,OverDrive,EBOOK,2017,7,4,"The Serpent's Shadow: The Kane Chronicles, Book 3",,Rick Riordan,"Fantasy, Juvenile Fiction, Mythology",Disney Digital Books,2014
Digital,OverDrive,EBOOK,2017,8,10,"The Serpent's Shadow: The Kane Chronicles, Book 3",,Rick Riordan,"Fantasy, Juvenile Fiction, Mythology",Disney Digital Books,2014
Digital,OverDrive,EBOOK,2017,8,9,"The Throne of Fire: The Kane Chronicles, Book 2",,Rick Riordan,"Fantasy, Juvenile Fiction, Mythology",Disney Digital Books,2014
Digital,OverDrive,EBOOK,2017,8,8,"The Red Pyramid: The Kane Chronicles, Book 1",,Rick Riordan,"Fantasy, Juvenile Fiction, Mythology",Disney Digital Books,2011
Digital,OverDrive,EBOOK,2017,9,2,"The Throne of Fire: The Kane Chronicles, Book 2",,Rick Riordan,"Fantasy, Juvenile Fiction, Mythology",Disney Digital Books,2014
Digital,OverDrive,EBOOK,2017,9,5,"The Serpent's Shadow: The Kane Chronicles, Book 3",,Rick Riordan,"Fantasy, Juvenile Fiction, Mythology",Disney Digital Books,2014
Digital,OverDrive,EBOOK,2017,9,10,"The Red Pyramid: The Kane Chronicles, Book 1",,Rick Riordan,"Fantasy, Juvenile Fiction, Mythology",Disney Digital Books,2011
Digital,OverDrive,EBOOK,2017,10,13,"The Red Pyramid: The Kane Chronicles, Book 1",,Rick Riordan,"Fantasy, Juvenile Fiction, Mythology",Disney Digital Books,2011
Digital,OverDrive,EBOOK,2017,10,3,"The Serpent's Shadow: The Kane Chronicles, Book 3",,Rick Riordan,"Fantasy, Juvenile Fiction, Mythology",Disney Digital Books,2014
Digital,OverDrive,EBOOK,2017,10,2,"The Throne of Fire: The Kane Chronicles, Book 2",,Rick Riordan,"Fantasy, Juvenile Fiction, Mythology",Disney Digital Books,2014
Digital,OverDrive,EBOOK,2017,11,9,"The Red Pyramid: The Kane Chronicles, Book 1",,Rick Riordan,"Fantasy, Juvenile Fiction, Mythology",Disney Digital Books,2011
Digital,OverDrive,EBOOK,2017,11,7,"The Serpent's Shadow: The Kane Chronicles, Book 3",,Rick Riordan,"Fantasy, Juvenile Fiction, Mythology",Disney Digital Books,2014
Digital,OverDrive,EBOOK,2017,11,4,"The Throne of Fire: The Kane Chronicles, Book 2",,Rick Riordan,"Fantasy, Juvenile Fiction, Mythology",Disney Digital Books,2014
Digital,OverDrive,EBOOK,2017,12,9,"The Red Pyramid: The Kane Chronicles, Book 1",,Rick Riordan,"Fantasy, Juvenile Fiction, Mythology",Disney Digital Books,2011
Digital,OverDrive,EBOOK,2017,12,3,"The Serpent's Shadow: The Kane Chronicles, Book 3",,Rick Riordan,"Fantasy, Juvenile Fiction, Mythology",Disney Digital Books,2014
Digital,OverDrive,EBOOK,2017,12,2,"The Throne of Fire: The Kane Chronicles, Book 2",,Rick Riordan,"Fantasy, Juvenile Fiction, Mythology",Disney Digital Books,2014
Digital,OverDrive,EBOOK,2018,1,3,"The Throne of Fire: The Kane Chronicles, Book 2",,Rick Riordan,"Fantasy, Juvenile Fiction, Mythology",Disney Digital Books,2014
Digital,OverDrive,EBOOK,2018,1,12,"The Red Pyramid: The Kane Chronicles, Book 1",,Rick Riordan,"Fantasy, Juvenile Fiction, Mythology",Disney Digital Books,2011
Digital,OverDrive,EBOOK,2018,1,4,"The Serpent's Shadow: The Kane Chronicles, Book 3",,Rick Riordan,"Fantasy, Juvenile Fiction, Mythology",Disney Digital Books,2014
Digital,OverDrive,EBOOK,2018,2,6,"The Serpent's Shadow: The Kane Chronicles, Book 3",,Rick Riordan,"Fantasy, Juvenile Fiction, Mythology",Disney Digital Books,2014
Digital,OverDrive,EBOOK,2018,2,9,"The Red Pyramid: The Kane Chronicles, Book 1",,Rick Riordan,"Fantasy, Juvenile Fiction, Mythology",Disney Digital Books,2011
Digital,OverDrive,EBOOK,2018,2,4,"The Throne of Fire: The Kane Chronicles, Book 2",,Rick Riordan,"Fantasy, Juvenile Fiction, Mythology",Disney Digital Books,2014
Digital,OverDrive,EBOOK,2018,3,12,"The Red Pyramid: The Kane Chronicles, Book 1",,Rick Riordan,"Fantasy, Juvenile Fiction, Mythology",Disney Digital Books,2011
Digital,OverDrive,EBOOK,2018,3,4,"The Throne of Fire: The Kane Chronicles, Book 2",,Rick Riordan,"Fantasy, Juvenile Fiction, Mythology",Disney Digital Books,2014
Digital,OverDrive,EBOOK,2018,3,3,"The Serpent's Shadow: The Kane Chronicles, Book 3",,Rick Riordan,"Fantasy, Juvenile Fiction, Mythology",Disney Digital Books,2014
Digital,OverDrive,EBOOK,2018,4,13,"The Red Pyramid: The Kane Chronicles, Book 1",,Rick Riordan,"Fantasy, Juvenile Fiction, Mythology",Disney Digital Books,2011
Digital,OverDrive,EBOOK,2018,4,3,"The Throne of Fire: The Kane Chronicles, Book 2",,Rick Riordan,"Fantasy, Juvenile Fiction, Mythology",Disney Digital Books,2014
Digital,OverDrive,EBOOK,2018,4,7,"The Serpent's Shadow: The Kane Chronicles, Book 3",,Rick Riordan,"Fantasy, Juvenile Fiction, Mythology",Disney Digital Books,2014
Digital,OverDrive,EBOOK,2018,5,12,"The Red Pyramid: The Kane Chronicles, Book 1",,Rick Riordan,"Fantasy, Juvenile Fiction, Mythology",Disney Digital Books,2011
Digital,OverDrive,EBOOK,2018,5,6,"The Serpent's Shadow: The Kane Chronicles, Book 3",,Rick Riordan,"Fantasy, Juvenile Fiction, Mythology",Disney Digital Books,2014
Digital,OverDrive,EBOOK,2018,5,5,"The Throne of Fire: The Kane Chronicles, Book 2",,Rick Riordan,"Fantasy, Juvenile Fiction, Mythology",Disney Digital Books,2014
Digital,OverDrive,EBOOK,2018,6,5,"The Throne of Fire: The Kane Chronicles, Book 2",,Rick Riordan,"Fantasy, Juvenile Fiction, Mythology",Disney Digital Books,2014
Digital,OverDrive,EBOOK,2018,6,12,"The Red Pyramid: The Kane Chronicles, Book 1",,Rick Riordan,"Fantasy, Juvenile Fiction, Mythology",Disney Digital Books,2011
Digital,OverDrive,EBOOK,2018,6,4,"The Serpent's Shadow: The Kane Chronicles, Book 3",,Rick Riordan,"Fantasy, Juvenile Fiction, Mythology",Disney Digital Books,2014
Digital,OverDrive,EBOOK,2018,7,12,"The Red Pyramid: The Kane Chronicles, Book 1",,Rick Riordan,"Fantasy, Juvenile Fiction, Mythology",Disney Digital Books,2011
Digital,OverDrive,EBOOK,2018,7,4,"The Throne of Fire: The Kane Chronicles, Book 2",,Rick Riordan,"Fantasy, Juvenile Fiction, Mythology",Disney Digital Books,2014
Digital,OverDrive,EBOOK,2018,7,6,"The Serpent's Shadow: The Kane Chronicles, Book 3",,Rick Riordan,"Fantasy, Juvenile Fiction, Mythology",Disney Digital Books,2014
Digital,OverDrive,EBOOK,2018,8,13,"The Red Pyramid: The Kane Chronicles, Book 1",,Rick Riordan,"Fantasy, Juvenile Fiction, Mythology",Disney Digital Books,2011
Digital,OverDrive,EBOOK,2018,8,5,"The Serpent's Shadow: The Kane Chronicles, Book 3",,Rick Riordan,"Fantasy, Juvenile Fiction, Mythology",Disney Digital Books,2014
Digital,OverDrive,EBOOK,2018,8,6,"The Throne of Fire: The Kane Chronicles, Book 2",,Rick Riordan,"Fantasy, Juvenile Fiction, Mythology",Disney Digital Books,2014
Digital,OverDrive,EBOOK,2018,9,6,"The Throne of Fire: The Kane Chronicles, Book 2",,Rick Riordan,"Fantasy, Juvenile Fiction, Mythology",Disney Digital Books,2014
Digital,OverDrive,EBOOK,2018,9,5,"The Serpent's Shadow: The Kane Chronicles, Book 3",,Rick Riordan,"Fantasy, Juvenile Fiction, Mythology",Disney Digital Books,2014
Digital,OverDrive,EBOOK,2018,9,13,"The Red Pyramid: The Kane Chronicles, Book 1",,Rick Riordan,"Fantasy, Juvenile Fiction, Mythology",Disney Digital Books,2011
Digital,OverDrive,EBOOK,2018,10,6,"The Serpent's Shadow: The Kane Chronicles, Book 3",,Rick Riordan,"Fantasy, Juvenile Fiction, Mythology",Disney Digital Books,2014
Digital,OverDrive,EBOOK,2018,10,9,"The Red Pyramid: The Kane Chronicles, Book 1",,Rick Riordan,"Fantasy, Juvenile Fiction, Mythology",Disney Digital Books,2011
Digital,OverDrive,EBOOK,2018,10,8,"The Throne of Fire: The Kane Chronicles, Book 2",,Rick Riordan,"Fantasy, Juvenile Fiction, Mythology",Disney Digital Books,2014
Digital,OverDrive,EBOOK,2018,11,11,"The Red Pyramid: The Kane Chronicles, Book 1",,Rick Riordan,"Fantasy, Juvenile Fiction, Mythology",Disney Digital Books,2011
Digital,OverDrive,EBOOK,2018,11,5,"The Serpent's Shadow: The Kane Chronicles, Book 3",,Rick Riordan,"Fantasy, Juvenile Fiction, Mythology",Disney Digital Books,2014
Digital,OverDrive,EBOOK,2018,11,5,"The Throne of Fire: The Kane Chronicles, Book 2",,Rick Riordan,"Fantasy, Juvenile Fiction, Mythology",Disney Digital Books,2014
Digital,OverDrive,EBOOK,2018,12,5,"The Serpent's Shadow: The Kane Chronicles, Book 3",,Rick Riordan,"Fantasy, Juvenile Fiction, Mythology",Disney Digital Books,2014
Digital,OverDrive,EBOOK,2018,12,13,"The Red Pyramid: The Kane Chronicles, Book 1",,Rick Riordan,"Fantasy, Juvenile Fiction, Mythology",Disney Digital Books,2011
Digital,OverDrive,EBOOK,2018,12,7,"The Throne of Fire: The Kane Chronicles, Book 2",,Rick Riordan,"Fantasy, Juvenile Fiction, Mythology",Disney Digital Books,2014
Digital,OverDrive,EBOOK,2019,1,6,"The Throne of Fire: The Kane Chronicles, Book 2",,Rick Riordan,"Fantasy, Juvenile Fiction, Mythology",Disney Digital Books,2014
Digital,OverDrive,EBOOK,2019,1,13,"The Red Pyramid: The Kane Chronicles, Book 1",,Rick Riordan,"Fantasy, Juvenile Fiction, Mythology",Disney Digital Books,2011
Digital,OverDrive,EBOOK,2019,1,5,"The Serpent's Shadow: The Kane Chronicles, Book 3",,Rick Riordan,"Fantasy, Juvenile Fiction, Mythology",Disney Digital Books,2014
Digital,OverDrive,EBOOK,2019,2,3,"The Serpent's Shadow: The Kane Chronicles, Book 3",,Rick Riordan,"Fantasy, Juvenile Fiction, Mythology",Disney Digital Books,2014
Digital,OverDrive,EBOOK,2019,2,6,"The Throne of Fire: The Kane Chronicles, Book 2",,Rick Riordan,"Fantasy, Juvenile Fiction, Mythology",Disney Digital Books,2014
Digital,OverDrive,EBOOK,2019,2,11,"The Red Pyramid: The Kane Chronicles, Book 1",,Rick Riordan,"Fantasy, Juvenile Fiction, Mythology",Disney Digital Books,2011
Digital,OverDrive,EBOOK,2019,3,18,"The Red Pyramid: The Kane Chronicles, Book 1",,Rick Riordan,"Fantasy, Juvenile Fiction, Mythology",Disney Digital Books,2011
Digital,OverDrive,EBOOK,2019,3,5,"The Throne of Fire: The Kane Chronicles, Book 2",,Rick Riordan,"Fantasy, Juvenile Fiction, Mythology",Disney Digital Books,2014
Digital,OverDrive,EBOOK,2019,3,6,"The Serpent's Shadow: The Kane Chronicles, Book 3",,Rick Riordan,"Fantasy, Juvenile Fiction, Mythology",Disney Digital Books,2014
Digital,OverDrive,EBOOK,2019,4,12,"The Red Pyramid: The Kane Chronicles, Book 1",,Rick Riordan,"Fantasy, Juvenile Fiction, Mythology",Disney Digital Books,2011
Digital,OverDrive,EBOOK,2019,4,9,"The Throne of Fire: The Kane Chronicles, Book 2",,Rick Riordan,"Fantasy, Juvenile Fiction, Mythology",Disney Digital Books,2014
Digital,OverDrive,EBOOK,2019,4,5,"The Serpent's Shadow: The Kane Chronicles, Book 3",,Rick Riordan,"Fantasy, Juvenile Fiction, Mythology",Disney Digital Books,2014
Digital,OverDrive,EBOOK,2019,5,9,"The Throne of Fire: The Kane Chronicles, Book 2",,Rick Riordan,"Fantasy, Juvenile Fiction, Mythology",Disney Digital Books,2014
Digital,OverDrive,EBOOK,2019,5,5,"The Serpent's Shadow: The Kane Chronicles, Book 3",,Rick Riordan,"Fantasy, Juvenile Fiction, Mythology",Disney Digital Books,2014
Digital,OverDrive,EBOOK,2019,5,12,"The Red Pyramid: The Kane Chronicles, Book 1",,Rick Riordan,"Fantasy, Juvenile Fiction, Mythology",Disney Digital Books,2011
Digital,OverDrive,EBOOK,2019,6,11,"The Throne of Fire: The Kane Chronicles, Book 2",,Rick Riordan,"Fantasy, Juvenile Fiction, Mythology",Disney Digital Books,2014
Digital,OverDrive,EBOOK,2019,6,12,"The Red Pyramid: The Kane Chronicles, Book 1",,Rick Riordan,"Fantasy, Juvenile Fiction, Mythology",Disney Digital Books,2011
Digital,OverDrive,EBOOK,2019,6,7,"The Serpent's Shadow: The Kane Chronicles, Book 3",,Rick Riordan,"Fantasy, Juvenile Fiction, Mythology",Disney Digital Books,2014
Digital,OverDrive,EBOOK,2019,7,15,"The Red Pyramid: The Kane Chronicles, Book 1",,Rick Riordan,"Fantasy, Juvenile Fiction, Mythology",Disney Digital Books,2011
Digital,OverDrive,EBOOK,2019,7,5,"The Serpent's Shadow: The Kane Chronicles, Book 3",,Rick Riordan,"Fantasy, Juvenile Fiction, Mythology",Disney Digital Books,2014
Digital,OverDrive,EBOOK,2019,7,9,"The Throne of Fire: The Kane Chronicles, Book 2",,Rick Riordan,"Fantasy, Juvenile Fiction, Mythology",Disney Digital Books,2014
Digital,OverDrive,EBOOK,2019,8,4,"The Serpent's Shadow: The Kane Chronicles, Book 3",,Rick Riordan,"Fantasy, Juvenile Fiction, Mythology",Disney Digital Books,2014
Digital,OverDrive,EBOOK,2019,8,9,"The Throne of Fire: The Kane Chronicles, Book 2",,Rick Riordan,"Fantasy, Juvenile Fiction, Mythology",Disney Digital Books,2014
Digital,OverDrive,EBOOK,2019,8,13,"The Red Pyramid: The Kane Chronicles, Book 1",,Rick Riordan,"Fantasy, Juvenile Fiction, Mythology",Disney Digital Books,2011
Digital,OverDrive,EBOOK,2019,9,7,"The Serpent's Shadow: The Kane Chronicles, Book 3",,Rick Riordan,"Fantasy, Juvenile Fiction, Mythology",Disney Digital Books,2014
Digital,OverDrive,EBOOK,2019,9,13,"The Red Pyramid: The Kane Chronicles, Book 1",,Rick Riordan,"Fantasy, Juvenile Fiction, Mythology",Disney Digital Books,2011
Digital,OverDrive,EBOOK,2019,9,7,"The Throne of Fire: The Kane Chronicles, Book 2",,Rick Riordan,"Fantasy, Juvenile Fiction, Mythology",Disney Digital Books,2014
Digital,OverDrive,EBOOK,2019,10,5,"The Serpent's Shadow: The Kane Chronicles, Book 3",,Rick Riordan,"Fantasy, Juvenile Fiction, Mythology",Disney Digital Books,2014
Digital,OverDrive,EBOOK,2019,10,10,"The Red Pyramid: The Kane Chronicles, Book 1",,Rick Riordan,"Fantasy, Juvenile Fiction, Mythology",Disney Digital Books,2011
Digital,OverDrive,EBOOK,2019,10,10,"The Throne of Fire: The Kane Chronicles, Book 2",,Rick Riordan,"Fantasy, Juvenile Fiction, Mythology",Disney Digital Books,2014
Digital,OverDrive,EBOOK,2019,11,6,"The Throne of Fire: The Kane Chronicles, Book 2",,Rick Riordan,"Fantasy, Juvenile Fiction, Mythology",Disney Digital Books,2014
Digital,OverDrive,EBOOK,2019,11,11,"The Red Pyramid: The Kane Chronicles, Book 1",,Rick Riordan,"Fantasy, Juvenile Fiction, Mythology",Disney Digital Books,2011
Digital,OverDrive,EBOOK,2019,11,6,"The Serpent's Shadow: The Kane Chronicles, Book 3",,Rick Riordan,"Fantasy, Juvenile Fiction, Mythology",Disney Digital Books,2014
Digital,OverDrive,EBOOK,2019,12,7,"The Serpent's Shadow: The Kane Chronicles, Book 3",,Rick Riordan,"Fantasy, Juvenile Fiction, Mythology",Disney Digital Books,2014
Digital,OverDrive,EBOOK,2019,12,15,"The Red Pyramid: The Kane Chronicles, Book 1",,Rick Riordan,"Fantasy, Juvenile Fiction, Mythology",Disney Digital Books,2011
Digital,OverDrive,EBOOK,2019,12,8,"The Throne of Fire: The Kane Chronicles, Book 2",,Rick Riordan,"Fantasy, Juvenile Fiction, Mythology",Disney Digital Books,2014
Digital,OverDrive,EBOOK,2020,1,6,"The Serpent's Shadow: The Kane Chronicles, Book 3",,Rick Riordan,"Fantasy, Juvenile Fiction, Mythology",Disney Digital Books,2014
Digital,OverDrive,EBOOK,2020,1,5,"The Throne of Fire: The Kane Chronicles, Book 2",,Rick Riordan,"Fantasy, Juvenile Fiction, Mythology",Disney Digital Books,2014
Digital,OverDrive,EBOOK,2020,1,10,"The Red Pyramid: The Kane Chronicles, Book 1",,Rick Riordan,"Fantasy, Juvenile Fiction, Mythology",Disney Digital Books,2011
Digital,OverDrive,EBOOK,2020,2,7,"The Serpent's Shadow: The Kane Chronicles, Book 3",,Rick Riordan,"Fantasy, Juvenile Fiction, Mythology",Disney Digital Books,2014
Digital,OverDrive,EBOOK,2020,2,2,"The Throne of Fire: The Kane Chronicles, Book 2",,Rick Riordan,"Fantasy, Juvenile Fiction, Mythology",Disney Digital Books,2014
Digital,OverDrive,EBOOK,2020,2,10,"The Red Pyramid: The Kane Chronicles, Book 1",,Rick Riordan,"Fantasy, Juvenile Fiction, Mythology",Disney Digital Books,2011
Digital,OverDrive,EBOOK,2020,3,4,"The Throne of Fire: The Kane Chronicles, Book 2",,Rick Riordan,"Fantasy, Juvenile Fiction, Mythology",Disney Digital Books,2014
Digital,OverDrive,EBOOK,2020,3,6,"The Serpent's Shadow: The Kane Chronicles, Book 3",,Rick Riordan,"Fantasy, Juvenile Fiction, Mythology",Disney Digital Books,2014
Digital,OverDrive,EBOOK,2020,3,14,"The Red Pyramid: The Kane Chronicles, Book 1",,Rick Riordan,"Fantasy, Juvenile Fiction, Mythology",Disney Digital Books,2011
Digital,OverDrive,EBOOK,2020,4,5,"The Serpent's Shadow: The Kane Chronicles, Book 3",,Rick Riordan,"Fantasy, Juvenile Fiction, Mythology",Disney Digital Books,2014
Digital,OverDrive,EBOOK,2020,4,6,"The Throne of Fire: The Kane Chronicles, Book 2",,Rick Riordan,"Fantasy, Juvenile Fiction, Mythology",Disney Digital Books,2014
Digital,OverDrive,EBOOK,2020,4,11,"The Red Pyramid: The Kane Chronicles, Book 1",,Rick Riordan,"Fantasy, Juvenile Fiction, Mythology",Disney Digital Books,2011
Digital,OverDrive,EBOOK,2020,5,10,"The Serpent's Shadow: The Kane Chronicles, Book 3",,Rick Riordan,"Fantasy, Juvenile Fiction, Mythology",Disney Digital Books,2014
Digital,OverDrive,EBOOK,2020,5,12,"The Red Pyramid: The Kane Chronicles, Book 1",,Rick Riordan,"Fantasy, Juvenile Fiction, Mythology",Disney Digital Books,2011
Digital,OverDrive,EBOOK,2020,5,8,"The Throne of Fire: The Kane Chronicles, Book 2",,Rick Riordan,"Fantasy, Juvenile Fiction, Mythology",Disney Digital Books,2014
Digital,OverDrive,EBOOK,2020,6,10,"The Throne of Fire: The Kane Chronicles, Book 2",,Rick Riordan,"Fantasy, Juvenile Fiction, Mythology",Disney Digital Books,2014
Digital,OverDrive,EBOOK,2020,6,12,"The Red Pyramid: The Kane Chronicles, Book 1",,Rick Riordan,"Fantasy, Juvenile Fiction, Mythology",Disney Digital Books,2011
Digital,OverDrive,EBOOK,2020,6,8,"The Serpent's Shadow: The Kane Chronicles, Book 3",,Rick Riordan,"Fantasy, Juvenile Fiction, Mythology",Disney Digital Books,2014
Digital,OverDrive,EBOOK,2020,7,14,"The Red Pyramid: The Kane Chronicles, Book 1",,Rick Riordan,"Fantasy, Juvenile Fiction, Mythology",Disney Digital Books,2011
Digital,OverDrive,EBOOK,2020,7,10,"The Throne of Fire: The Kane Chronicles, Book 2",,Rick Riordan,"Fantasy, Juvenile Fiction, Mythology",Disney Digital Books,2014
Digital,OverDrive,EBOOK,2020,7,11,"The Serpent's Shadow: The Kane Chronicles, Book 3",,Rick Riordan,"Fantasy, Juvenile Fiction, Mythology",Disney Digital Books,2014
Digital,OverDrive,EBOOK,2020,8,9,"The Red Pyramid: The Kane Chronicles, Book 1",,Rick Riordan,"Fantasy, Juvenile Fiction, Mythology",Disney Digital Books,2011
Digital,OverDrive,EBOOK,2020,8,13,"The Serpent's Shadow: The Kane Chronicles, Book 3",,Rick Riordan,"Fantasy, Juvenile Fiction, Mythology",Disney Digital Books,2014
Digital,OverDrive,EBOOK,2020,8,9,"The Throne of Fire: The Kane Chronicles, Book 2",,Rick Riordan,"Fantasy, Juvenile Fiction, Mythology",Disney Digital Books,2014
Digital,OverDrive,EBOOK,2020,9,8,"The Red Pyramid: The Kane Chronicles, Book 1",,Rick Riordan,"Fantasy, Juvenile Fiction, Mythology",Disney Digital Books,2011
Digital,OverDrive,EBOOK,2020,9,10,"The Serpent's Shadow: The Kane Chronicles, Book 3",,Rick Riordan,"Fantasy, Juvenile Fiction, Mythology",Disney Digital Books,2014
Digital,OverDrive,EBOOK,2020,9,9,"The Throne of Fire: The Kane Chronicles, Book 2",,Rick Riordan,"Fantasy, Juvenile Fiction, Mythology",Disney Digital Books,2014
Digital,OverDrive,EBOOK,2020,10,8,"The Throne of Fire: The Kane Chronicles, Book 2",,Rick Riordan,"Fantasy, Juvenile Fiction, Mythology",Disney Digital Books,2014
Digital,OverDrive,EBOOK,2020,10,12,"The Serpent's Shadow: The Kane Chronicles, Book 3",,Rick Riordan,"Fantasy, Juvenile Fiction, Mythology",Disney Digital Books,2014
Digital,OverDrive,EBOOK,2020,10,15,"The Red Pyramid: The Kane Chronicles, Book 1",,Rick Riordan,"Fantasy, Juvenile Fiction, Mythology",Disney Digital Books,2011
Digital,OverDrive,EBOOK,2020,11,14,"The Throne of Fire: The Kane Chronicles, Book 2",,Rick Riordan,"Fantasy, Juvenile Fiction, Mythology",Disney Digital Books,2014
Digital,OverDrive,EBOOK,2020,11,12,"The Red Pyramid: The Kane Chronicles, Book 1",,Rick Riordan,"Fantasy, Juvenile Fiction, Mythology",Disney Digital Books,2011
Digital,OverDrive,EBOOK,2020,11,10,"The Serpent's Shadow: The Kane Chronicles, Book 3",,Rick Riordan,"Fantasy, Juvenile Fiction, Mythology",Disney Digital Books,2014
Digital,OverDrive,EBOOK,2020,12,10,"The Throne of Fire: The Kane Chronicles, Book 2",,Rick Riordan,"Fantasy, Juvenile Fiction, Mythology",Disney Digital Books,2014
Digital,OverDrive,EBOOK,2020,12,17,"The Red Pyramid: The Kane Chronicles, Book 1",,Rick Riordan,"Fantasy, Juvenile Fiction, Mythology",Disney Digital Books,2011
Digital,OverDrive,EBOOK,2020,12,15,"The Serpent's Shadow: The Kane Chronicles, Book 3",,Rick Riordan,"Fantasy, Juvenile Fiction, Mythology",Disney Digital Books,2014
Digital,OverDrive,EBOOK,2021,1,9,"The Throne of Fire: The Kane Chronicles, Book 2",,Rick Riordan,"Fantasy, Juvenile Fiction, Mythology",Disney Digital Books,2014
Digital,OverDrive,EBOOK,2021,1,10,"The Serpent's Shadow: The Kane Chronicles, Book 3",,Rick Riordan,"Fantasy, Juvenile Fiction, Mythology",Disney Digital Books,2014
Digital,OverDrive,EBOOK,2021,1,20,"The Red Pyramid: The Kane Chronicles, Book 1",,Rick Riordan,"Fantasy, Juvenile Fiction, Mythology",Disney Digital Books,2011
Digital,OverDrive,EBOOK,2021,2,17,"The Serpent's Shadow: The Kane Chronicles, Book 3",,Rick Riordan,"Fantasy, Juvenile Fiction, Mythology",Disney Digital Books,2014
Digital,OverDrive,EBOOK,2021,2,11,"The Throne of Fire: The Kane Chronicles, Book 2",,Rick Riordan,"Fantasy, Juvenile Fiction, Mythology",Disney Digital Books,2014
Digital,OverDrive,EBOOK,2021,2,15,"The Red Pyramid: The Kane Chronicles, Book 1",,Rick Riordan,"Fantasy, Juvenile Fiction, Mythology",Disney Digital Books,2011
Digital,OverDrive,EBOOK,2021,3,10,"The Throne of Fire: The Kane Chronicles, Book 2",,Rick Riordan,"Fantasy, Juvenile Fiction, Mythology",Disney Digital Books,2014
Digital,OverDrive,EBOOK,2021,3,10,"The Serpent's Shadow: The Kane Chronicles, Book 3",,Rick Riordan,"Fantasy, Juvenile Fiction, Mythology",Disney Digital Books,2014
Digital,OverDrive,EBOOK,2021,3,18,"The Red Pyramid: The Kane Chronicles, Book 1",,Rick Riordan,"Fantasy, Juvenile Fiction, Mythology",Disney Digital Books,2011
Digital,OverDrive,EBOOK,2021,4,5,"The Throne of Fire: The Kane Chronicles, Book 2",,Rick Riordan,"Fantasy, Juvenile Fiction, Mythology",Disney Digital Books,2014
Digital,OverDrive,EBOOK,2021,4,12,"The Serpent's Shadow: The Kane Chronicles, Book 3",,Rick Riordan,"Fantasy, Juvenile Fiction, Mythology",Disney Digital Books,2014
Digital,OverDrive,EBOOK,2021,4,15,"The Red Pyramid: The Kane Chronicles, Book 1",,Rick Riordan,"Fantasy, Juvenile Fiction, Mythology",Disney Digital Books,2011
Digital,OverDrive,EBOOK,2021,5,23,"The Red Pyramid: The Kane Chronicles, Book 1",,Rick Riordan,"Fantasy, Juvenile Fiction, Mythology",Disney Digital Books,2011
Digital,OverDrive,EBOOK,2021,5,16,"The Serpent's Shadow: The Kane Chronicles, Book 3",,Rick Riordan,"Fantasy, Juvenile Fiction, Mythology",Disney Digital Books,2014
Digital,OverDrive,EBOOK,2021,5,20,"The Throne of Fire: The Kane Chronicles, Book 2",,Rick Riordan,"Fantasy, Juvenile Fiction, Mythology",Disney Digital Books,2014
Digital,OverDrive,EBOOK,2021,6,14,"The Serpent's Shadow: The Kane Chronicles, Book 3",,Rick Riordan,"Fantasy, Juvenile Fiction, Mythology",Disney Digital Books,2014
Digital,OverDrive,EBOOK,2021,6,16,"The Red Pyramid: The Kane Chronicles, Book 1",,Rick Riordan,"Fantasy, Juvenile Fiction, Mythology",Disney Digital Books,2011
Digital,OverDrive,EBOOK,2021,6,14,"The Throne of Fire: The Kane Chronicles, Book 2",,Rick Riordan,"Fantasy, Juvenile Fiction, Mythology",Disney Digital Books,2014
Digital,OverDrive,EBOOK,2021,7,12,"The Red Pyramid: The Kane Chronicles, Book 1",,Rick Riordan,"Fantasy, Juvenile Fiction, Mythology",Disney Digital Books,2011
Digital,OverDrive,EBOOK,2021,7,11,"The Serpent's Shadow: The Kane Chronicles, Book 3",,Rick Riordan,"Fantasy, Juvenile Fiction, Mythology",Disney Digital Books,2014
Digital,OverDrive,EBOOK,2021,7,13,"The Throne of Fire: The Kane Chronicles, Book 2",,Rick Riordan,"Fantasy, Juvenile Fiction, Mythology",Disney Digital Books,2014
Digital,OverDrive,EBOOK,2021,8,18,"The Throne of Fire: The Kane Chronicles, Book 2",,Rick Riordan,"Fantasy, Juvenile Fiction, Mythology",Disney Digital Books,2014
Digital,OverDrive,EBOOK,2021,8,19,"The Red Pyramid: The Kane Chronicles, Book 1",,Rick Riordan,"Fantasy, Juvenile Fiction, Mythology",Disney Digital Books,2011
Digital,OverDrive,EBOOK,2021,8,11,"The Serpent's Shadow: The Kane Chronicles, Book 3",,Rick Riordan,"Fantasy, Juvenile Fiction, Mythology",Disney Digital Books,2014
Digital,OverDrive,EBOOK,2021,9,20,"The Throne of Fire: The Kane Chronicles, Book 2",,Rick Riordan,"Fantasy, Juvenile Fiction, Mythology",Disney Digital Books,2014
Digital,OverDrive,EBOOK,2021,9,19,"The Red Pyramid: The Kane Chronicles, Book 1",,Rick Riordan,"Fantasy, Juvenile Fiction, Mythology",Disney Digital Books,2011
Digital,OverDrive,EBOOK,2021,9,13,"The Serpent's Shadow: The Kane Chronicles, Book 3",,Rick Riordan,"Fantasy, Juvenile Fiction, Mythology",Disney Digital Books,2014
Digital,OverDrive,EBOOK,2021,10,17,"The Red Pyramid: The Kane Chronicles, Book 1",,Rick Riordan,"Fantasy, Juvenile Fiction, Mythology",Disney Digital Books,2011
Digital,OverDrive,EBOOK,2021,10,9,"The Serpent's Shadow: The Kane Chronicles, Book 3",,Rick Riordan,"Fantasy, Juvenile Fiction, Mythology",Disney Digital Books,2014
Digital,OverDrive,EBOOK,2021,10,13,"The Throne of Fire: The Kane Chronicles, Book 2",,Rick Riordan,"Fantasy, Juvenile Fiction, Mythology",Disney Digital Books,2014
Digital,OverDrive,EBOOK,2021,11,14,"The Red Pyramid: The Kane Chronicles, Book 1",,Rick Riordan,"Fantasy, Juvenile Fiction, Mythology",Disney Digital Books,2011
Digital,OverDrive,EBOOK,2021,11,12,"The Serpent's Shadow: The Kane Chronicles, Book 3",,Rick Riordan,"Fantasy, Juvenile Fiction, Mythology",Disney Digital Books,2014
Digital,OverDrive,EBOOK,2021,11,12,"The Throne of Fire: The Kane Chronicles, Book 2",,Rick Riordan,"Fantasy, Juvenile Fiction, Mythology",Disney Digital Books,2014
Digital,OverDrive,EBOOK,2021,12,14,"The Serpent's Shadow: The Kane Chronicles, Book 3",,Rick Riordan,"Fantasy, Juvenile Fiction, Mythology",Disney Digital Books,2014
Digital,OverDrive,EBOOK,2021,12,14,"The Throne of Fire: The Kane Chronicles, Book 2",,Rick Riordan,"Fantasy, Juvenile Fiction, Mythology",Disney Digital Books,2014
Digital,OverDrive,EBOOK,2021,12,18,"The Red Pyramid: The Kane Chronicles, Book 1",,Rick Riordan,"Fantasy, Juvenile Fiction, Mythology",Disney Digital Books,2011
Digital,OverDrive,EBOOK,2022,1,12,"The Serpent's Shadow: The Kane Chronicles, Book 3",,Rick Riordan,"Fantasy, Juvenile Fiction, Mythology",Disney Digital Books,2014
Digital,OverDrive,EBOOK,2022,1,13,"The Throne of Fire: The Kane Chronicles, Book 2",,Rick Riordan,"Fantasy, Juvenile Fiction, Mythology",Disney Digital Books,2014
Digital,OverDrive,EBOOK,2022,1,19,"The Red Pyramid: The Kane Chronicles, Book 1",,Rick Riordan,"Fantasy, Juvenile Fiction, Mythology",Disney Digital Books,2011
Digital,OverDrive,EBOOK,2022,2,15,"The Throne of Fire: The Kane Chronicles, Book 2",,Rick Riordan,"Fantasy, Juvenile Fiction, Mythology",Disney Digital Books,2014
Digital,OverDrive,EBOOK,2022,2,13,"The Serpent's Shadow: The Kane Chronicles, Book 3",,Rick Riordan,"Fantasy, Juvenile Fiction, Mythology",Disney Digital Books,2014
Digital,OverDrive,EBOOK,2022,2,18,"The Red Pyramid: The Kane Chronicles, Book 1",,Rick Riordan,"Fantasy, Juvenile Fiction, Mythology",Disney Digital Books,2011
Digital,OverDrive,EBOOK,2022,3,5,"The Throne of Fire: The Kane Chronicles, Book 2",,Rick Riordan,"Fantasy, Juvenile Fiction, Mythology",Disney Digital Books,2014
Digital,OverDrive,EBOOK,2022,3,22,"The Red Pyramid: The Kane Chronicles, Book 1",,Rick Riordan,"Fantasy, Juvenile Fiction, Mythology",Disney Digital Books,2011
Digital,OverDrive,EBOOK,2022,3,9,"The Serpent's Shadow: The Kane Chronicles, Book 3",,Rick Riordan,"Fantasy, Juvenile Fiction, Mythology",Disney Digital Books,2014
Digital,OverDrive,EBOOK,2022,4,11,"The Serpent's Shadow: The Kane Chronicles, Book 3",,Rick Riordan,"Fantasy, Juvenile Fiction, Mythology",Disney Digital Books,2014
Digital,OverDrive,EBOOK,2022,4,14,"The Red Pyramid: The Kane Chronicles, Book 1",,Rick Riordan,"Fantasy, Juvenile Fiction, Mythology",Disney Digital Books,2011
Digital,OverDrive,EBOOK,2022,4,7,"The Throne of Fire: The Kane Chronicles, Book 2",,Rick Riordan,"Fantasy, Juvenile Fiction, Mythology",Disney Digital Books,2014
Digital,OverDrive,EBOOK,2022,5,18,"The Red Pyramid: The Kane Chronicles, Book 1",9781423142492,Rick Riordan,"Fantasy, Juvenile Fiction, Mythology",Disney Digital Books,2011
Digital,OverDrive,EBOOK,2022,5,11,"The Serpent's Shadow: The Kane Chronicles, Book 3",9781423163275,Rick Riordan,"Fantasy, Juvenile Fiction, Mythology",Disney Digital Books,2014
Digital,OverDrive,EBOOK,2022,5,3,"The Throne of Fire: The Kane Chronicles, Book 2",9781423154389,Rick Riordan,"Fantasy, Juvenile Fiction, Mythology",Disney Digital Books,2014
Digital,OverDrive,EBOOK,2022,6,14,"The Red Pyramid: The Kane Chronicles, Book 1",9781423142492,Rick Riordan,"Fantasy, Juvenile Fiction, Mythology",Disney Digital Books,2011
Digital,OverDrive,EBOOK,2022,6,5,"The Serpent's Shadow: The Kane Chronicles, Book 3",9781423163275,Rick Riordan,"Fantasy, Juvenile Fiction, Mythology",Disney Digital Books,2014
Digital,OverDrive,EBOOK,2022,6,4,"The Throne of Fire: The Kane Chronicles, Book 2",9781423154389,Rick Riordan,"Fantasy, Juvenile Fiction, Mythology",Disney Digital Books,2014
Digital,OverDrive,EBOOK,2022,7,5,"The Throne of Fire: The Kane Chronicles, Book 2",9781423154389,Rick Riordan,"Fantasy, Juvenile Fiction, Mythology",Disney Digital Books,2014
Digital,OverDrive,EBOOK,2022,7,8,"The Red Pyramid: The Kane Chronicles, Book 1",9781423142492,Rick Riordan,"Fantasy, Juvenile Fiction, Mythology",Disney Digital Books,2011
Digital,OverDrive,EBOOK,2022,7,5,"The Serpent's Shadow: The Kane Chronicles, Book 3",9781423163275,Rick Riordan,"Fantasy, Juvenile Fiction, Mythology",Disney Digital Books,2014
Digital,OverDrive,EBOOK,2022,8,6,"The Throne of Fire: The Kane Chronicles, Book 2",9781423154389,Rick Riordan,"Fantasy, Juvenile Fiction, Mythology",Disney Digital Books,2014
Digital,OverDrive,EBOOK,2022,8,10,"The Red Pyramid: The Kane Chronicles, Book 1",9781423142492,Rick Riordan,"Fantasy, Juvenile Fiction, Mythology",Disney Digital Books,2011
Digital,OverDrive,EBOOK,2022,8,5,"The Serpent's Shadow: The Kane Chronicles, Book 3",9781423163275,Rick Riordan,"Fantasy, Juvenile Fiction, Mythology",Disney Digital Books,2014
Digital,OverDrive,EBOOK,2022,9,7,"The Throne of Fire: The Kane Chronicles, Book 2",9781423154389,Rick Riordan,"Fantasy, Juvenile Fiction, Mythology",Disney Digital Books,2014
Digital,OverDrive,EBOOK,2022,9,10,"The Red Pyramid: The Kane Chronicles, Book 1",9781423142492,Rick Riordan,"Fantasy, Juvenile Fiction, Mythology",Disney Digital Books,2011
Digital,OverDrive,EBOOK,2022,9,5,"The Serpent's Shadow: The Kane Chronicles, Book 3",9781423163275,Rick Riordan,"Fantasy, Juvenile Fiction, Mythology",Disney Digital Books,2014
Digital,OverDrive,EBOOK,2022,10,3,"The Serpent's Shadow: The Kane Chronicles, Book 3",9781423163275,Rick Riordan,"Fantasy, Juvenile Fiction, Mythology",Disney Digital Books,2014
Digital,OverDrive,EBOOK,2022,10,11,"The Red Pyramid: The Kane Chronicles, Book 1",9781423142492,Rick Riordan,"Fantasy, Juvenile Fiction, Mythology",Disney Digital Books,2011
Digital,OverDrive,EBOOK,2022,10,6,"The Throne of Fire: The Kane Chronicles, Book 2",9781423154389,Rick Riordan,"Fantasy, Juvenile Fiction, Mythology",Disney Digital Books,2014
Digital,OverDrive,EBOOK,2022,11,13,"The Red Pyramid: The Kane Chronicles, Book 1",9781423142492,Rick Riordan,"Fantasy, Juvenile Fiction, Mythology",Disney Digital Books,2011
Digital,OverDrive,EBOOK,2022,11,5,"The Serpent's Shadow: The Kane Chronicles, Book 3",9781423163275,Rick Riordan,"Fantasy, Juvenile Fiction, Mythology",Disney Digital Books,2014
Digital,OverDrive,EBOOK,2022,11,5,"The Throne of Fire: The Kane Chronicles, Book 2",9781423154389,Rick Riordan,"Fantasy, Juvenile Fiction, Mythology",Disney Digital Books,2014
Digital,OverDrive,EBOOK,2022,12,5,"The Serpent's Shadow: The Kane Chronicles, Book 3",9781423163275,Rick Riordan,"Fantasy, Juvenile Fiction, Mythology",Disney Digital Books,2014
Digital,OverDrive,EBOOK,2022,12,11,"The Red Pyramid: The Kane Chronicles, Book 1",9781423142492,Rick Riordan,"Fantasy, Juvenile Fiction, Mythology",Disney Digital Books,2011
Digital,OverDrive,EBOOK,2022,12,6,"The Throne of Fire: The Kane Chronicles, Book 2",9781423154389,Rick Riordan,"Fantasy, Juvenile Fiction, Mythology",Disney Digital Books,2014
